Predicted Class,Actual Class,Error
0,0,False
0,0,False
0,0,False
0,0,False
0,0,False
0,0,False
0,0,False
0,0,False
0,0,False
0,0,False
0,0,False
0,0,False
0,0,False
0,0,False
0,0,False
0,0,False
0,0,False
0,0,False
0,0,False
0,0,False
0,0,False
0,0,False
0,0,False
0,0,False
0,0,False
0,0,False
0,0,False
0,0,False
0,0,False
0,0,False
0,0,False
0,0,False
0,0,False
0,0,False
0,0,False
0,0,False
0,0,False
0,0,False
0,0,False
0,0,False
0,0,False
0,0,False
0,0,False
0,0,False
0,0,False
0,0,False
0,0,False
0,0,False
0,0,False
0,0,False
0,0,False
0,0,False
0,0,False
0,0,False
0,0,False
0,0,False
0,0,False
0,0,False
0,0,False
0,0,False
0,0,False
0,0,False
0,0,False
0,0,False
0,0,False
0,0,False
0,0,False
0,0,False
0,0,False
0,0,False
0,0,False
0,0,False
0,0,False
0,0,False
0,0,False
0,0,False
0,0,False
0,0,False
0,0,False
0,0,False
0,0,False
0,0,False
0,0,False
0,0,False
0,0,False
0,0,False
0,0,False
0,0,False
0,0,False
0,0,False
0,0,False
0,0,False
0,0,False
0,0,False
0,0,False
0,0,False
0,0,False
0,0,False
0,0,False
0,0,False
0,0,False
0,0,False
0,0,False
0,0,False
0,0,False
0,0,False
0,0,False
0,0,False
0,0,False
0,0,False
0,0,False
0,0,False
1,1,False
1,1,False
1,1,False
1,1,False
1,1,False
1,1,False
1,1,False
1,1,False
1,1,False
1,1,False
1,1,False
1,1,False
1,1,False
1,1,False
1,1,False
1,1,False
1,1,False
1,1,False
1,1,False
1,1,False
1,1,False
1,1,False
1,1,False
1,1,False
1,1,False
1,1,False
1,1,False
1,1,False
1,1,False
1,1,False
1,1,False
1,1,False
1,1,False
1,1,False
1,1,False
1,1,False
1,1,False
1,1,False
1,1,False
1,1,False
1,1,False
1,1,False
1,1,False
1,1,False
1,1,False
1,1,False
1,1,False
1,1,False
1,1,False
1,1,False
1,1,False
1,1,False
1,1,False
1,1,False
1,1,False
1,1,False
1,1,False
1,1,False
1,1,False
1,1,False
1,1,False
1,1,False
1,1,False
1,1,False
1,1,False
1,1,False
1,1,False
1,1,False
1,1,False
1,1,False
1,1,False
1,1,False
1,1,False
1,1,False
1,1,False
1,1,False
1,1,False
1,1,False
1,1,False
1,1,False
1,1,False
1,1,False
1,1,False
1,1,False
1,1,False
1,1,False
1,1,False
1,1,False
1,1,False
1,1,False
1,1,False
1,1,False
1,1,False
1,1,False
1,1,False
1,1,False
1,1,False
1,1,False
1,1,False
1,1,False
1,1,False
1,1,False
1,1,False
1,1,False
1,1,False
1,1,False
1,1,False
1,1,False
1,1,False
1,1,False
1,1,False
1,1,False
1,1,False
1,1,False
2,2,False
2,2,False
2,2,False
2,2,False
2,2,False
2,2,False
2,2,False
2,2,False
2,2,False
2,2,False
2,2,False
2,2,False
2,2,False
2,2,False
2,2,False
2,2,False
2,2,False
2,2,False
2,2,False
2,2,False
2,2,False
2,2,False
2,2,False
2,2,False
2,2,False
2,2,False
2,2,False
2,2,False
2,2,False
2,2,False
2,2,False
2,2,False
2,2,False
2,2,False
2,2,False
2,2,False
2,2,False
2,2,False
2,2,False
2,2,False
2,2,False
2,2,False
2,2,False
2,2,False
2,2,False
2,2,False
2,2,False
2,2,False
2,2,False
2,2,False
2,2,False
2,2,False
2,2,False
2,2,False
2,2,False
2,2,False
2,2,False
2,2,False
2,2,False
2,2,False
2,2,False
2,2,False
2,2,False
2,2,False
2,2,False
2,2,False
2,2,False
2,2,False
2,2,False
2,2,False
2,2,False
2,2,False
2,2,False
2,2,False
2,2,False
2,2,False
2,2,False
2,2,False
2,2,False
2,2,False
2,2,False
2,2,False
2,2,False
2,2,False
2,2,False
2,2,False
2,2,False
2,2,False
2,2,False
2,2,False
2,2,False
2,2,False
2,2,False
2,2,False
2,2,False
2,2,False
2,2,False
2,2,False
2,2,False
2,2,False
2,2,False
2,2,False
2,2,False
2,2,False
2,2,False
2,2,False
3,3,False
3,3,False
3,3,False
3,3,False
3,3,False
3,3,False
3,3,False
3,3,False
3,3,False
3,3,False
3,3,False
3,3,False
3,3,False
3,3,False
3,3,False
3,3,False
3,3,False
3,3,False
3,3,False
3,3,False
3,3,False
3,3,False
3,3,False
3,3,False
3,3,False
3,3,False
3,3,False
3,3,False
3,3,False
3,3,False
3,3,False
3,3,False
3,3,False
3,3,False
3,3,False
3,3,False
3,3,False
3,3,False
3,3,False
3,3,False
3,3,False
3,3,False
3,3,False
3,3,False
3,3,False
3,3,False
3,3,False
3,3,False
3,3,False
3,3,False
3,3,False
3,3,False
3,3,False
3,3,False
3,3,False
3,3,False
3,3,False
3,3,False
3,3,False
3,3,False
3,3,False
3,3,False
3,3,False
3,3,False
3,3,False
3,3,False
3,3,False
3,3,False
3,3,False
3,3,False
3,3,False
3,3,False
3,3,False
3,3,False
3,3,False
3,3,False
3,3,False
3,3,False
3,3,False
3,3,False
3,3,False
3,3,False
3,3,False
3,3,False
3,3,False
3,3,False
3,3,False
3,3,False
3,3,False
3,3,False
3,3,False
3,3,False
3,3,False
3,3,False
3,3,False
3,3,False
3,3,False
3,3,False
3,3,False
3,3,False
3,3,False
3,3,False
3,3,False
3,3,False
3,3,False
3,3,False
3,3,False
3,3,False
3,3,False
3,3,False
4,4,False
4,4,False
4,4,False
4,4,False
4,4,False
4,4,False
4,4,False
4,4,False
4,4,False
4,4,False
4,4,False
4,4,False
4,4,False
4,4,False
4,4,False
4,4,False
4,4,False
4,4,False
4,4,False
4,4,False
4,4,False
4,4,False
4,4,False
4,4,False
4,4,False
4,4,False
4,4,False
4,4,False
4,4,False
4,4,False
4,4,False
4,4,False
4,4,False
4,4,False
4,4,False
4,4,False
4,4,False
4,4,False
4,4,False
4,4,False
4,4,False
4,4,False
4,4,False
4,4,False
4,4,False
4,4,False
4,4,False
4,4,False
4,4,False
4,4,False
4,4,False
4,4,False
4,4,False
4,4,False
4,4,False
4,4,False
4,4,False
4,4,False
4,4,False
4,4,False
4,4,False
4,4,False
4,4,False
4,4,False
4,4,False
4,4,False
4,4,False
4,4,False
4,4,False
4,4,False
4,4,False
4,4,False
4,4,False
4,4,False
4,4,False
4,4,False
4,4,False
4,4,False
4,4,False
4,4,False
4,4,False
4,4,False
4,4,False
4,4,False
4,4,False
4,4,False
4,4,False
4,4,False
1,4,True
4,4,False
4,4,False
4,4,False
4,4,False
4,4,False
4,4,False
4,4,False
4,4,False
4,4,False
4,4,False
4,4,False
4,4,False
4,4,False
4,4,False
4,4,False
4,4,False
4,4,False
4,4,False
4,4,False
4,4,False
4,4,False
4,4,False
5,5,False
5,5,False
5,5,False
5,5,False
5,5,False
5,5,False
5,5,False
5,5,False
5,5,False
5,5,False
5,5,False
5,5,False
5,5,False
5,5,False
5,5,False
5,5,False
5,5,False
5,5,False
5,5,False
5,5,False
5,5,False
5,5,False
5,5,False
5,5,False
5,5,False
5,5,False
5,5,False
5,5,False
5,5,False
5,5,False
5,5,False
5,5,False
5,5,False
5,5,False
5,5,False
5,5,False
5,5,False
5,5,False
5,5,False
5,5,False
5,5,False
5,5,False
5,5,False
5,5,False
5,5,False
5,5,False
5,5,False
5,5,False
5,5,False
5,5,False
5,5,False
5,5,False
5,5,False
5,5,False
5,5,False
5,5,False
5,5,False
5,5,False
5,5,False
5,5,False
5,5,False
5,5,False
5,5,False
5,5,False
5,5,False
5,5,False
5,5,False
5,5,False
5,5,False
5,5,False
5,5,False
5,5,False
5,5,False
5,5,False
5,5,False
5,5,False
5,5,False
5,5,False
5,5,False
5,5,False
5,5,False
5,5,False
5,5,False
5,5,False
5,5,False
5,5,False
5,5,False
5,5,False
5,5,False
5,5,False
5,5,False
8,5,True
5,5,False
5,5,False
5,5,False
5,5,False
5,5,False
5,5,False
5,5,False
5,5,False
5,5,False
5,5,False
5,5,False
5,5,False
6,6,False
6,6,False
6,6,False
6,6,False
6,6,False
6,6,False
6,6,False
6,6,False
6,6,False
6,6,False
6,6,False
6,6,False
6,6,False
6,6,False
6,6,False
6,6,False
6,6,False
6,6,False
6,6,False
6,6,False
6,6,False
6,6,False
6,6,False
6,6,False
6,6,False
6,6,False
6,6,False
6,6,False
6,6,False
6,6,False
6,6,False
6,6,False
6,6,False
6,6,False
6,6,False
6,6,False
6,6,False
6,6,False
6,6,False
6,6,False
6,6,False
6,6,False
6,6,False
6,6,False
6,6,False
6,6,False
6,6,False
6,6,False
6,6,False
6,6,False
6,6,False
6,6,False
6,6,False
6,6,False
6,6,False
6,6,False
6,6,False
6,6,False
6,6,False
6,6,False
6,6,False
6,6,False
6,6,False
6,6,False
6,6,False
6,6,False
6,6,False
6,6,False
6,6,False
6,6,False
6,6,False
6,6,False
6,6,False
6,6,False
6,6,False
6,6,False
6,6,False
6,6,False
6,6,False
6,6,False
6,6,False
6,6,False
6,6,False
6,6,False
6,6,False
6,6,False
6,6,False
6,6,False
6,6,False
6,6,False
6,6,False
6,6,False
6,6,False
6,6,False
6,6,False
6,6,False
6,6,False
6,6,False
6,6,False
6,6,False
6,6,False
6,6,False
6,6,False
6,6,False
6,6,False
6,6,False
6,6,False
6,6,False
6,6,False
6,6,False
6,6,False
7,7,False
7,7,False
7,7,False
7,7,False
7,7,False
7,7,False
7,7,False
7,7,False
7,7,False
7,7,False
7,7,False
7,7,False
7,7,False
7,7,False
7,7,False
7,7,False
7,7,False
7,7,False
7,7,False
7,7,False
7,7,False
7,7,False
7,7,False
7,7,False
7,7,False
7,7,False
7,7,False
7,7,False
7,7,False
7,7,False
7,7,False
7,7,False
7,7,False
7,7,False
7,7,False
7,7,False
7,7,False
7,7,False
7,7,False
7,7,False
7,7,False
7,7,False
7,7,False
7,7,False
7,7,False
7,7,False
7,7,False
7,7,False
7,7,False
7,7,False
7,7,False
7,7,False
7,7,False
7,7,False
7,7,False
7,7,False
7,7,False
7,7,False
7,7,False
7,7,False
7,7,False
7,7,False
7,7,False
7,7,False
7,7,False
7,7,False
7,7,False
7,7,False
7,7,False
7,7,False
7,7,False
7,7,False
7,7,False
7,7,False
7,7,False
7,7,False
7,7,False
7,7,False
7,7,False
7,7,False
7,7,False
7,7,False
7,7,False
7,7,False
7,7,False
7,7,False
7,7,False
4,7,True
7,7,False
7,7,False
7,7,False
7,7,False
7,7,False
7,7,False
7,7,False
7,7,False
7,7,False
7,7,False
7,7,False
7,7,False
7,7,False
7,7,False
7,7,False
7,7,False
7,7,False
7,7,False
7,7,False
7,7,False
7,7,False
7,7,False
8,8,False
8,8,False
8,8,False
8,8,False
8,8,False
8,8,False
8,8,False
8,8,False
8,8,False
8,8,False
8,8,False
8,8,False
8,8,False
8,8,False
8,8,False
8,8,False
8,8,False
8,8,False
8,8,False
8,8,False
8,8,False
8,8,False
8,8,False
8,8,False
8,8,False
8,8,False
8,8,False
8,8,False
8,8,False
8,8,False
8,8,False
8,8,False
8,8,False
8,8,False
8,8,False
8,8,False
8,8,False
8,8,False
8,8,False
8,8,False
8,8,False
8,8,False
8,8,False
8,8,False
8,8,False
8,8,False
8,8,False
8,8,False
8,8,False
8,8,False
8,8,False
8,8,False
8,8,False
8,8,False
8,8,False
8,8,False
8,8,False
8,8,False
8,8,False
8,8,False
8,8,False
8,8,False
8,8,False
8,8,False
8,8,False
8,8,False
8,8,False
8,8,False
8,8,False
8,8,False
8,8,False
8,8,False
8,8,False
8,8,False
8,8,False
8,8,False
8,8,False
8,8,False
8,8,False
8,8,False
8,8,False
8,8,False
8,8,False
8,8,False
8,8,False
8,8,False
8,8,False
8,8,False
8,8,False
8,8,False
8,8,False
8,8,False
8,8,False
8,8,False
8,8,False
8,8,False
8,8,False
8,8,False
8,8,False
8,8,False
8,8,False
8,8,False
8,8,False
8,8,False
8,8,False
8,8,False
8,8,False
8,8,False
9,9,False
9,9,False
9,9,False
9,9,False
9,9,False
9,9,False
9,9,False
9,9,False
9,9,False
9,9,False
9,9,False
9,9,False
9,9,False
9,9,False
